<?xml version="1.0" encoding="UTF-8"?>
<GenRun Id="impl_1" LaunchPart="xc7a35ticpg236-1L" LaunchTime="1668495312">
  <File Type="PA-DCP" Name="watchdog.dcp"/>
  <File Type="OPT-HWDEF" Name="watchdog.hwdef"/>
  <File Type="PA-TCL" Name="watchdog.tcl"/>
  <File Type="BITSTR-BMM" Name="watchdog_bd.bmm"/>
  <File Type="OPT-DCP" Name="watchdog_opt.dcp"/>
  <File Type="REPORTS-TCL" Name="watchdog_reports.tcl"/>
  <File Type="PWROPT-DCP" Name="watchdog_pwropt.dcp"/>
  <File Type="PLACE-DCP" Name="watchdog_placed.dcp"/>
  <File Type="PLACE-PRE-SIMILARITY" Name="watchdog_incremental_reuse_pre_placed.rpt"/>
  <File Type="POSTPLACE-PWROPT-DCP" Name="watchdog_postplace_pwropt.dcp"/>
  <File Type="BG-BIN" Name="watchdog.bin"/>
  <File Type="PHYSOPT-DCP" Name="watchdog_physopt.dcp"/>
  <File Type="BITSTR-MSK" Name="watchdog.msk"/>
  <File Type="ROUTE-ERROR-DCP" Name="watchdog_routed_error.dcp"/>
  <File Type="ROUTE-DCP" Name="watchdog_routed.dcp"/>
  <File Type="ROUTE-BLACKBOX-DCP" Name="watchdog_routed_bb.dcp"/>
  <File Type="BITSTR-LTX" Name="watchdog.ltx"/>
  <File Type="BITSTR-MMI" Name="watchdog.mmi"/>
  <File Type="BITSTR-SYSDEF" Name="watchdog.sysdef"/>
  <File Type="ROUTE-TIMING-PB" Name="watchdog_timing_summary_routed.pb"/>
  <File Type="RDI-RDI" Name="watchdog.vdi"/>
  <File Type="POSTROUTE-PHYSOPT-DCP" Name="watchdog_postroute_physopt.dcp"/>
  <File Type="POSTROUTE-PHYSOPT-BLACKBOX-DCP" Name="watchdog_postroute_physopt_bb.dcp"/>
  <File Type="BG-BIT" Name="watchdog.bit"/>
  <File Type="BITSTR-RBT" Name="watchdog.rbt"/>
  <File Type="BITSTR-NKY" Name="watchdog.nky"/>
  <File Type="BG-BGN" Name="watchdog.bgn"/>
  <File Type="BG-DRC" Name="watchdog.drc"/>
  <File Type="WBT-USG" Name="usage_statistics_webtalk.html"/>
  <FileSet Name="sources" Type="DesignSrcs" RelSrcDir="$PSRCDIR/sources_1">
    <Filter Type="Srcs"/>
    <File Path="$PSRCDIR/sources_1/new/watchdog.v">
      <FileInfo>
        <Attr Name="UsedIn" Val="synthesis"/>
        <Attr Name="UsedIn" Val="implementation"/>
        <Attr Name="UsedIn" Val="simulation"/>
      </FileInfo>
    </File>
    <File Path="$PSRCDIR/sources_1/new/divd_un.v">
      <FileInfo>
        <Attr Name="AutoDisabled" Val="1"/>
        <Attr Name="UsedIn" Val="synthesis"/>
        <Attr Name="UsedIn" Val="implementation"/>
        <Attr Name="UsedIn" Val="simulation"/>
      </FileInfo>
    </File>
    <Config>
      <Option Name="DesignMode" Val="RTL"/>
      <Option Name="TopModule" Val="watchdog"/>
    </Config>
  </FileSet>
  <FileSet Name="constrs_in" Type="Constrs" RelSrcDir="$PSRCDIR/constrs_1">
    <Filter Type="Constrs"/>
    <File Path="$PSRCDIR/constrs_1/new/watch.xdc">
      <FileInfo>
        <Attr Name="UsedIn" Val="synthesis"/>
        <Attr Name="UsedIn" Val="implementation"/>
      </FileInfo>
    </File>
    <Config>
      <Option Name="TargetConstrsFile" Val="$PSRCDIR/constrs_1/new/watch.xdc"/>
      <Option Name="ConstrsType" Val="XDC"/>
    </Config>
  </FileSet>
  <FileSet Name="utils" Type="Utils" RelSrcDir="$PSRCDIR/utils_1">
    <Filter Type="Utils"/>
    <Config>
      <Option Name="TopAutoSet" Val="TRUE"/>
    </Config>
  </FileSet>
  <Strategy Version="1" Minor="2">
    <StratHandle Name="Vivado Implementation Defaults" Flow="Vivado Implementation 2018"/>
    <Step Id="init_design"/>
    <Step Id="opt_design"/>
    <Step Id="power_opt_design"/>
    <Step Id="place_design"/>
    <Step Id="post_place_power_opt_design"/>
    <Step Id="phys_opt_design"/>
    <Step Id="route_design"/>
    <Step Id="post_route_phys_opt_design"/>
    <Step Id="write_bitstream"/>
  </Strategy>
</GenRun>
